engine,table,case,repeat,server_ms,root_rows,root_loops,metric
pg,rows_seq,pk_range_payload,0,0.205,1000,1,pg_execution_time_ms
pg,rows_seq,secondary_payload,0,0.74,100,1,pg_execution_time_ms
mysql,rows_seq,pk_range_payload,0,0.16,1000.0,1,mysql_root_iterator_last_row_ms
mysql,rows_seq,secondary_covering,0,0.0125,100.0,1,mysql_root_iterator_last_row_ms
mysql,rows_shuffled,secondary_covering,0,0.0135,100.0,1,mysql_root_iterator_last_row_ms
mysql,rows_shuffled,secondary_payload,0,0.148,100.0,1,mysql_root_iterator_last_row_ms
pg,rows_shuffled,secondary_payload,0,0.627,100,1,pg_execution_time_ms
pg,rows_shuffled,pk_range_payload,0,3.543,1000,1,pg_execution_time_ms
pg,rows_shuffled,secondary_covering,0,0.057,100,1,pg_execution_time_ms
mysql,rows_shuffled,pk_range_payload,0,0.196,1000.0,1,mysql_root_iterator_last_row_ms
mysql,rows_seq,secondary_payload,0,0.273,100.0,1,mysql_root_iterator_last_row_ms
pg,rows_seq,secondary_covering,0,0.067,100,1,pg_execution_time_ms
mysql,rows_seq,secondary_covering,1,0.0187,100.0,1,mysql_root_iterator_last_row_ms
pg,rows_shuffled,secondary_payload,1,0.387,100,1,pg_execution_time_ms
pg,rows_seq,secondary_payload,1,0.483,100,1,pg_execution_time_ms
pg,rows_seq,pk_range_payload,1,0.232,1000,1,pg_execution_time_ms
mysql,rows_shuffled,secondary_covering,1,0.0132,100.0,1,mysql_root_iterator_last_row_ms
pg,rows_shuffled,secondary_covering,1,0.046,100,1,pg_execution_time_ms
pg,rows_shuffled,pk_range_payload,1,1.448,1000,1,pg_execution_time_ms
mysql,rows_shuffled,pk_range_payload,1,0.195,1000.0,1,mysql_root_iterator_last_row_ms
mysql,rows_seq,pk_range_payload,1,0.178,1000.0,1,mysql_root_iterator_last_row_ms
mysql,rows_shuffled,secondary_payload,1,0.144,100.0,1,mysql_root_iterator_last_row_ms
mysql,rows_seq,secondary_payload,1,0.267,100.0,1,mysql_root_iterator_last_row_ms
pg,rows_seq,secondary_covering,1,0.05,100,1,pg_execution_time_ms
mysql,rows_seq,secondary_covering,2,0.0119,100.0,1,mysql_root_iterator_last_row_ms
pg,rows_seq,pk_range_payload,2,0.209,1000,1,pg_execution_time_ms
mysql,rows_seq,secondary_payload,2,0.129,100.0,1,mysql_root_iterator_last_row_ms
pg,rows_seq,secondary_covering,2,0.052,100,1,pg_execution_time_ms
pg,rows_shuffled,pk_range_payload,2,1.342,1000,1,pg_execution_time_ms
pg,rows_shuffled,secondary_payload,2,0.295,100,1,pg_execution_time_ms
pg,rows_shuffled,secondary_covering,2,0.049,100,1,pg_execution_time_ms
mysql,rows_seq,pk_range_payload,2,0.155,1000.0,1,mysql_root_iterator_last_row_ms
mysql,rows_shuffled,secondary_covering,2,0.0142,100.0,1,mysql_root_iterator_last_row_ms
pg,rows_seq,secondary_payload,2,0.555,100,1,pg_execution_time_ms
mysql,rows_shuffled,pk_range_payload,2,0.195,1000.0,1,mysql_root_iterator_last_row_ms
mysql,rows_shuffled,secondary_payload,2,0.234,100.0,1,mysql_root_iterator_last_row_ms
pg,rows_shuffled,secondary_payload,3,0.29,100,1,pg_execution_time_ms
pg,rows_shuffled,secondary_covering,3,0.046,100,1,pg_execution_time_ms
pg,rows_seq,pk_range_payload,3,0.214,1000,1,pg_execution_time_ms
pg,rows_seq,secondary_payload,3,0.326,100,1,pg_execution_time_ms
mysql,rows_seq,secondary_payload,3,0.26,100.0,1,mysql_root_iterator_last_row_ms
mysql,rows_shuffled,secondary_payload,3,0.275,100.0,1,mysql_root_iterator_last_row_ms
mysql,rows_seq,secondary_covering,3,0.0155,100.0,1,mysql_root_iterator_last_row_ms
mysql,rows_shuffled,pk_range_payload,3,0.238,1000.0,1,mysql_root_iterator_last_row_ms
pg,rows_shuffled,pk_range_payload,3,1.395,1000,1,pg_execution_time_ms
mysql,rows_shuffled,secondary_covering,3,0.0289,100.0,1,mysql_root_iterator_last_row_ms
mysql,rows_seq,pk_range_payload,3,0.2,1000.0,1,mysql_root_iterator_last_row_ms
pg,rows_seq,secondary_covering,3,0.052,100,1,pg_execution_time_ms
pg,rows_shuffled,secondary_payload,4,0.298,100,1,pg_execution_time_ms
mysql,rows_shuffled,secondary_covering,4,0.0175,100.0,1,mysql_root_iterator_last_row_ms
mysql,rows_shuffled,secondary_payload,4,0.208,100.0,1,mysql_root_iterator_last_row_ms
pg,rows_shuffled,pk_range_payload,4,1.385,1000,1,pg_execution_time_ms
pg,rows_shuffled,secondary_covering,4,0.049,100,1,pg_execution_time_ms
pg,rows_seq,secondary_payload,4,0.33,100,1,pg_execution_time_ms
mysql,rows_seq,secondary_covering,4,0.0143,100.0,1,mysql_root_iterator_last_row_ms
pg,rows_seq,pk_range_payload,4,0.213,1000,1,pg_execution_time_ms
mysql,rows_shuffled,pk_range_payload,4,0.19,1000.0,1,mysql_root_iterator_last_row_ms
mysql,rows_seq,secondary_payload,4,0.153,100.0,1,mysql_root_iterator_last_row_ms
mysql,rows_seq,pk_range_payload,4,0.17,1000.0,1,mysql_root_iterator_last_row_ms
pg,rows_seq,secondary_covering,4,0.045,100,1,pg_execution_time_ms
mysql,rows_seq,secondary_covering,5,0.0134,100.0,1,mysql_root_iterator_last_row_ms
pg,rows_shuffled,pk_range_payload,5,1.353,1000,1,pg_execution_time_ms
pg,rows_seq,secondary_covering,5,0.045,100,1,pg_execution_time_ms
mysql,rows_shuffled,secondary_payload,5,0.249,100.0,1,mysql_root_iterator_last_row_ms
mysql,rows_shuffled,pk_range_payload,5,0.268,1000.0,1,mysql_root_iterator_last_row_ms
pg,rows_shuffled,secondary_payload,5,0.382,100,1,pg_execution_time_ms
pg,rows_seq,secondary_payload,5,0.489,100,1,pg_execution_time_ms
mysql,rows_shuffled,secondary_covering,5,0.018,100.0,1,mysql_root_iterator_last_row_ms
pg,rows_shuffled,secondary_covering,5,0.049,100,1,pg_execution_time_ms
pg,rows_seq,pk_range_payload,5,0.213,1000,1,pg_execution_time_ms
mysql,rows_seq,secondary_payload,5,0.178,100.0,1,mysql_root_iterator_last_row_ms
mysql,rows_seq,pk_range_payload,5,0.2,1000.0,1,mysql_root_iterator_last_row_ms
pg,rows_seq,secondary_covering,6,0.045,100,1,pg_execution_time_ms
mysql,rows_shuffled,secondary_payload,6,0.398,100.0,1,mysql_root_iterator_last_row_ms
mysql,rows_seq,secondary_covering,6,0.0142,100.0,1,mysql_root_iterator_last_row_ms
pg,rows_seq,secondary_payload,6,0.318,100,1,pg_execution_time_ms
mysql,rows_shuffled,pk_range_payload,6,0.2,1000.0,1,mysql_root_iterator_last_row_ms
pg,rows_shuffled,secondary_payload,6,0.307,100,1,pg_execution_time_ms
pg,rows_shuffled,secondary_covering,6,0.066,100,1,pg_execution_time_ms
mysql,rows_seq,pk_range_payload,6,0.198,1000.0,1,mysql_root_iterator_last_row_ms
pg,rows_seq,pk_range_payload,6,0.239,1000,1,pg_execution_time_ms
mysql,rows_shuffled,secondary_covering,6,0.0178,100.0,1,mysql_root_iterator_last_row_ms
pg,rows_shuffled,pk_range_payload,6,1.636,1000,1,pg_execution_time_ms
mysql,rows_seq,secondary_payload,6,0.145,100.0,1,mysql_root_iterator_last_row_ms
pg,rows_seq,secondary_covering,7,0.054,100,1,pg_execution_time_ms
pg,rows_shuffled,secondary_payload,7,0.283,100,1,pg_execution_time_ms
mysql,rows_shuffled,pk_range_payload,7,0.176,1000.0,1,mysql_root_iterator_last_row_ms
mysql,rows_shuffled,secondary_covering,7,0.0148,100.0,1,mysql_root_iterator_last_row_ms
mysql,rows_seq,pk_range_payload,7,0.152,1000.0,1,mysql_root_iterator_last_row_ms
pg,rows_shuffled,secondary_covering,7,0.052,100,1,pg_execution_time_ms
pg,rows_seq,pk_range_payload,7,0.308,1000,1,pg_execution_time_ms
mysql,rows_shuffled,secondary_payload,7,0.155,100.0,1,mysql_root_iterator_last_row_ms
pg,rows_shuffled,pk_range_payload,7,1.375,1000,1,pg_execution_time_ms
pg,rows_seq,secondary_payload,7,0.394,100,1,pg_execution_time_ms
mysql,rows_seq,secondary_covering,7,0.015,100.0,1,mysql_root_iterator_last_row_ms
mysql,rows_seq,secondary_payload,7,0.149,100.0,1,mysql_root_iterator_last_row_ms
mysql,rows_shuffled,secondary_payload,8,0.137,100.0,1,mysql_root_iterator_last_row_ms
mysql,rows_shuffled,secondary_covering,8,0.0134,100.0,1,mysql_root_iterator_last_row_ms
pg,rows_seq,pk_range_payload,8,0.224,1000,1,pg_execution_time_ms
mysql,rows_seq,secondary_payload,8,0.127,100.0,1,mysql_root_iterator_last_row_ms
pg,rows_shuffled,secondary_payload,8,0.295,100,1,pg_execution_time_ms
mysql,rows_shuffled,pk_range_payload,8,0.178,1000.0,1,mysql_root_iterator_last_row_ms
mysql,rows_seq,pk_range_payload,8,0.156,1000.0,1,mysql_root_iterator_last_row_ms
mysql,rows_seq,secondary_covering,8,0.0133,100.0,1,mysql_root_iterator_last_row_ms
pg,rows_shuffled,secondary_covering,8,0.045,100,1,pg_execution_time_ms
pg,rows_shuffled,pk_range_payload,8,1.351,1000,1,pg_execution_time_ms
pg,rows_seq,secondary_covering,8,0.059,100,1,pg_execution_time_ms
pg,rows_seq,secondary_payload,8,0.318,100,1,pg_execution_time_ms
mysql,rows_shuffled,secondary_covering,9,0.013,100.0,1,mysql_root_iterator_last_row_ms
mysql,rows_seq,secondary_covering,9,0.014,100.0,1,mysql_root_iterator_last_row_ms
mysql,rows_shuffled,pk_range_payload,9,0.252,1000.0,1,mysql_root_iterator_last_row_ms
pg,rows_shuffled,secondary_payload,9,0.278,100,1,pg_execution_time_ms
pg,rows_seq,secondary_payload,9,0.301,100,1,pg_execution_time_ms
mysql,rows_seq,pk_range_payload,9,0.158,1000.0,1,mysql_root_iterator_last_row_ms
mysql,rows_seq,secondary_payload,9,0.162,100.0,1,mysql_root_iterator_last_row_ms
mysql,rows_shuffled,secondary_payload,9,0.139,100.0,1,mysql_root_iterator_last_row_ms
pg,rows_seq,secondary_covering,9,0.045,100,1,pg_execution_time_ms
pg,rows_seq,pk_range_payload,9,0.209,1000,1,pg_execution_time_ms
pg,rows_shuffled,pk_range_payload,9,1.342,1000,1,pg_execution_time_ms
pg,rows_shuffled,secondary_covering,9,0.047,100,1,pg_execution_time_ms
